mode,method,B,H,S_or_K,T,D,dtype,mean_ms,std_ms,p50_ms,p95_ms,peak_mem_bytes,theoretical_peak_bytes,est_traffic_bytes,flops,tflops_per_s
decode,torch_sdpa,1,12,1024,1,64,float16,0.4095,0.0250,0.4028,0.4428,21164032,26112,3173376,3207168,0.007832
decode,flashattention_triton,1,12,1024,1,64,float16,0.3842,0.1217,0.4388,0.6029,286400512,1560,3173376,3207168,0.008347
decode,torch_sdpa,1,12,2048,1,64,float16,0.3175,0.0313,0.3007,0.3593,33800192,50688,6343680,6414336,0.020205
decode,flashattention_triton,1,12,2048,1,64,float16,0.1922,0.0019,0.1916,0.1948,295837696,1560,6343680,6414336,0.033365
decode,torch_sdpa,1,12,4096,1,64,float16,0.2288,0.0053,0.2271,0.2380,59072512,99840,12684288,12828672,0.056063
decode,flashattention_triton,1,12,4096,1,64,float16,0.2608,0.0031,0.2600,0.2652,314712064,1560,12684288,12828672,0.049191
